,MAE,MSE,RMSE,R2,set,modelo
0,0.24440504334121366,0.6620048069345942,0.8136367782583296,0.874453844300739,test,Decision Tree Regressor
1,0.0007886435331231211,0.00029574132492113565,0.01719713129917707,0.9999476920733544,train,Decision Tree Regressor
0,0.24440504334121366,0.6620048069345942,0.8136367782583296,0.874453844300739,test,Decision Tree Regressor 1
1,0.0007886435331231211,0.00029574132492113565,0.01719713129917707,0.9999476920733544,train,Decision Tree Regressor 1
0,0.24440504334121366,0.6620048069345942,0.8136367782583296,0.874453844300739,test,Decision Tree Regressor 2
1,0.0007886435331231211,0.00029574132492113565,0.01719713129917707,0.9999476920733544,train,Decision Tree Regressor 2
