,MAE,MSE,RMSE,R2,set,modelo
0,0.446749084104164,0.8407046912462884,0.916899498989005,0.8405642361525425,test,Random Forest Regressor
1,0.4176346885936164,0.6663193554345587,0.8162838693950523,0.8821477384809162,train,Random Forest Regressor
0,0.2444050433412136,0.6620048069345942,0.8136367782583296,0.874453844300739,test,Decision Tree Regressor
1,0.0007886435331231,0.0002957413249211,0.017197131299177,0.9999476920733544,train,Decision Tree Regressor
0,0.2444050433412136,0.6620048069345942,0.8136367782583296,0.874453844300739,test,Decision Tree Regressor 1
1,0.0007886435331231,0.0002957413249211,0.017197131299177,0.9999476920733544,train,Decision Tree Regressor 1
0,0.2444050433412136,0.6620048069345942,0.8136367782583296,0.874453844300739,test,Decision Tree Regressor 2
1,0.0007886435331231,0.0002957413249211,0.017197131299177,0.9999476920733544,train,Decision Tree Regressor 2
