,accuracy,precision,recall,f1,kappa,set,modelo
0,0.8794326241134752,0.88,0.8918918918918919,0.8859060402684563,0.7580986981531941,test,Regresión Logística Codificadas
1,0.8571428571428571,0.83203125,0.852,0.841897233201581,0.7116374871266735,train,Regresión Logística Codificadas
0,0.8865248226950354,0.8918918918918919,0.8918918918918919,0.8918918918918919,0.772488906817265,test,Regresión Logística Codificadas y Estandarizadas
1,0.8607142857142858,0.8385826771653543,0.852,0.8452380952380952,0.7186292192733832,train,Regresión Logística Codificadas y Estandarizadas
